,coef_credit,pval_credit,R²,n
Lag 0,0.016147120948744126,0.30281578047082497,0.6639884792376624,36.0
Lag 1,0.033648185045238185,0.028865763330693996,0.6077290010182415,34.0
Lag 2,0.022539402811251275,0.09780285014722362,0.5111615887723295,32.0
